seqlen,Triton,Jax-cudnn
1024.000000,0.170421,1.009647
2048.000000,0.340471,3.215832
4096.000000,0.616194,13.106743
6144.000000,0.728552,30.723488
8192.000000,0.448755,72.886269
