seqlen,Triton,Jax-cudnn
1024.000000,0.106995,0.689995
2048.000000,0.275410,2.995743
4096.000000,0.520256,11.519552
6144.000000,0.616047,26.424032
8192.000000,0.524092,67.017731
