seqlen,Triton,Jax-cudnn
1024.000000,0.001316,0.670596
2048.000000,0.142873,2.497885
4096.000000,0.234355,10.730381
6144.000000,0.324767,25.309675
8192.000000,0.424600,66.269180
