seqlen,Triton,Jax-cudnn
1024.000000,0.366214,1.688182
2048.000000,0.452540,6.120752
4096.000000,0.051639,25.717834
6144.000000,0.001339,67.074051
8192.000000,0.001317,146.715714
