seqlen,Triton,Jax-cudnn
1024.000000,0.195825,1.440105
2048.000000,0.323976,5.214518
4096.000000,0.500160,23.082130
6144.000000,0.331045,54.701153
8192.000000,0.001792,136.058044
