seqlen,Triton,Jax-cudnn
1024.000000,0.331402,1.110649
2048.000000,0.558512,3.770115
4096.000000,0.388238,14.670970
6144.000000,0.001472,34.339840
8192.000000,0.001820,79.478050
