seqlen,Triton,Jax-cudnn
1024.000000,0.001379,0.948490
2048.000000,0.253063,2.807466
4096.000000,0.450294,12.528571
6144.000000,0.832924,29.624063
8192.000000,0.837758,71.584770
