seqlen,Triton,Jax-cudnn
1024.000000,0.152944,1.764381
2048.000000,0.248449,5.496425
4096.000000,0.613376,24.820086
6144.000000,0.583715,60.615711
8192.000000,0.265728,141.684006
