seqlen,Triton,Jax-cudnn
1024.000000,0.302997,0.836519
2048.000000,0.544905,3.151774
4096.000000,0.574020,13.211268
6144.000000,0.001352,30.355797
8192.000000,0.001434,74.565636
