seqlen,Triton,Jax-cudnn
1024.000000,0.246250,2.027551
2048.000000,0.390695,5.809258
4096.000000,0.588857,25.905151
6144.000000,0.246381,61.066338
8192.000000,0.001229,144.867325
