seqlen,Triton,Jax-cudnn
1024.000000,0.438935,2.225673
2048.000000,0.560500,6.704792
4096.000000,0.001479,29.120886
6144.000000,0.001152,69.249084
8192.000000,0.001536,158.288132
