seqlen,Triton,Jax-cudnn
1024.000000,0.001388,1.238941
2048.000000,0.182871,4.753040
4096.000000,0.278805,21.524223
6144.000000,0.396571,52.595871
8192.000000,0.326004,132.046021
