seqlen,Triton,Jax-cudnn
1024.000000,0.147088,1.814945
2048.000000,0.253838,5.710850
4096.000000,0.616780,24.963852
6144.000000,0.614312,60.137470
8192.000000,0.295790,143.506439
