seqlen,Triton,Jax-cudnn
1024.000000,0.395234,2.273197
2048.000000,0.564041,7.182823
4096.000000,0.001252,29.376169
6144.000000,0.001536,68.175011
8192.000000,0.001280,157.184326
