seqlen,Triton,Jax-cudnn
1024.000000,0.259367,3.784511
2048.000000,0.483416,11.617672
4096.000000,0.215821,51.328354
6144.000000,0.001877,100.000000
8192.000000,0.001536,100.000000
