seqlen,Triton,Jax-cudnn
1024.000000,0.236832,1.944196
2048.000000,0.454954,5.739056
4096.000000,0.604304,25.787445
6144.000000,0.281980,61.076481
8192.000000,0.001434,145.263779
