seqlen,Triton,Jax-cudnn
1024.000000,0.213497,3.775728
2048.000000,0.390579,12.141111
4096.000000,0.481676,49.568768
6144.000000,0.090283,100.000000
8192.000000,0.001506,100.000000
