seqlen,Triton,Jax-cudnn
1024.000000,0.293918,300.000000
2048.000000,0.564013,300.000000
4096.000000,0.581458,300.000000
6144.000000,0.001311,300.000000
8192.000000,0.001536,300.000000
