seqlen,Triton,Jax-cudnn
1024.000000,0.236990,0.358192
2048.000000,0.419905,1.142686
4096.000000,0.569661,4.441965
6144.000000,0.263899,9.707267
8192.000000,0.001587,17.073843
