seqlen,Triton,Jax-cudnn
1024.000000,0.109986,0.260454
2048.000000,0.277971,0.602729
4096.000000,0.539475,2.037018
6144.000000,0.657339,4.449059
8192.000000,0.536271,7.733691
