seqlen,Triton,Jax-cudnn
1024.000000,0.009526,0.232182
2048.000000,0.256336,0.574287
4096.000000,0.443419,2.048195
6144.000000,0.787608,4.677517
8192.000000,0.911081,11.655725
