seqlen,Triton,Jax-cudnn
1024.000000,0.146767,0.336205
2048.000000,0.258379,1.036054
4096.000000,0.530867,3.775501
6144.000000,0.605855,11.867448
8192.000000,0.293947,24.475136
