seqlen,Triton,Jax-cudnn
1024.000000,0.154736,0.244154
2048.000000,0.337517,0.651588
4096.000000,0.561307,2.177832
6144.000000,0.744631,5.053024
8192.000000,0.475687,8.623260
