seqlen,Triton,Jax-cudnn
1024.000000,0.299787,300.000000
2048.000000,0.549313,300.000000
4096.000000,0.061952,300.000000
6144.000000,0.001654,300.000000
8192.000000,0.001317,300.000000
