seqlen,Triton,Jax-cudnn
1024.000000,0.354809,300.000000
2048.000000,0.535335,300.000000
4096.000000,0.001536,300.000000
6144.000000,0.001152,300.000000
8192.000000,0.002048,300.000000
