seqlen,Triton,Jax-cudnn
1024.000000,0.367849,300.000000
2048.000000,0.695647,300.000000
4096.000000,0.379563,300.000000
6144.000000,0.001536,300.000000
8192.000000,0.001479,300.000000
