seqlen,Triton,Jax-cudnn
1024.000000,0.001382,0.184686
2048.000000,0.179171,0.601632
4096.000000,0.333080,1.976510
6144.000000,0.461126,4.308108
8192.000000,0.357641,7.543623
