seqlen,Triton,Jax-cudnn
1024.000000,0.001285,0.052782
2048.000000,0.145014,0.378316
4096.000000,0.233479,1.062174
6144.000000,0.366142,2.297836
8192.000000,0.392203,3.882547
