seqlen,Triton,Jax-cudnn
1024.000000,0.201889,0.316081
2048.000000,0.277653,1.052060
4096.000000,0.558586,3.973465
6144.000000,0.312637,8.737595
8192.000000,0.001152,15.191124
