seqlen,Triton,Jax-cudnn
1024.000000,0.208093,0.579161
2048.000000,0.392836,1.864016
4096.000000,0.479936,9.628813
6144.000000,0.114556,27.601694
8192.000000,0.001506,51.775490
