seqlen,Triton,Jax-cudnn
1024.000000,0.001479,0.268115
2048.000000,0.189668,1.023319
4096.000000,0.170710,3.953273
6144.000000,0.230988,8.635345
8192.000000,0.001463,15.048271
