seqlen,Triton,Jax-cudnn
1024.000000,0.199049,0.342512
2048.000000,0.302052,1.057982
4096.000000,0.462467,4.031027
6144.000000,0.339456,8.867299
8192.000000,0.001707,15.418736
