seqlen,Triton,Jax-cudnn
1024.000000,0.372295,300.000000
2048.000000,0.363640,300.000000
4096.000000,0.001463,300.000000
6144.000000,0.002219,300.000000
8192.000000,0.001707,300.000000
