seqlen,Triton,Jax-cudnn
1024.000000,0.001341,0.119918
2048.000000,0.190682,0.616036
4096.000000,0.307017,2.008788
6144.000000,0.472064,4.379703
8192.000000,0.386290,7.646230
