seqlen,Triton,Jax-cudnn
1024.000000,0.203239,0.592487
2048.000000,0.401872,2.120210
4096.000000,0.001365,7.893704
6144.000000,0.001463,17.337357
8192.000000,0.001451,30.725855
