seqlen,Triton,Jax-cudnn
1024.000000,0.253855,0.626204
2048.000000,0.489057,2.258021
4096.000000,0.237148,8.760285
6144.000000,0.001265,19.611481
8192.000000,0.001741,34.416176
