seqlen,Triton,Jax-cudnn
1024.000000,0.364506,300.000000
2048.000000,0.547446,300.000000
4096.000000,0.001536,300.000000
6144.000000,0.002176,300.000000
8192.000000,0.001536,300.000000
