seqlen,Triton,Jax-cudnn
1024.000000,0.238014,0.355650
2048.000000,0.426852,1.160171
4096.000000,0.623411,4.461117
6144.000000,0.262114,9.963975
8192.000000,0.001331,17.273287
