seqlen,Triton,Jax-cudnn
1024.000000,0.181881,0.348315
2048.000000,0.248074,1.040480
4096.000000,0.596546,3.865138
6144.000000,0.630855,12.445517
8192.000000,0.288358,24.834625
