seqlen,Triton,Jax-cudnn
1024.000000,0.305674,300.000000
2048.000000,0.442985,300.000000
4096.000000,0.061477,300.000000
6144.000000,0.001339,300.000000
8192.000000,0.001609,300.000000
