seqlen,Triton,Jax-cudnn
1024.000000,0.255275,0.832885
2048.000000,0.391979,3.346892
4096.000000,0.153389,21.636608
6144.000000,0.001707,57.332737
8192.000000,0.001792,105.936035
