seqlen,Triton,Jax-cudnn
1024.000000,0.224760,0.575211
2048.000000,0.371112,2.018634
4096.000000,0.001536,5.240088
6144.000000,0.001268,18.134644
8192.000000,0.001536,32.440353
