seqlen,Triton,Jax-cudnn
1024.000000,0.001392,0.309596
2048.000000,0.193620,1.052123
4096.000000,0.170950,3.937541
6144.000000,0.208427,8.745746
8192.000000,0.001682,15.822118
