seqlen,Triton,Jax-cudnn
1024.000000,0.344924,300.000000
2048.000000,0.330334,300.000000
4096.000000,0.001497,300.000000
6144.000000,0.001877,300.000000
8192.000000,0.001365,300.000000
