seqlen,Triton,Jax-cudnn
1024.000000,0.358098,300.000000
2048.000000,0.001506,300.000000
4096.000000,0.001280,300.000000
6144.000000,0.002048,300.000000
8192.000000,0.001024,300.000000
