seqlen,Triton,Jax-cudnn
1024.000000,0.267349,0.912527
2048.000000,0.251509,3.839468
4096.000000,0.001325,14.249164
6144.000000,0.001536,40.990719
8192.000000,0.001536,72.704002
