seqlen,Triton,Jax-cudnn
1024.000000,0.182035,0.957698
2048.000000,0.024439,2.797037
4096.000000,0.001769,15.568085
6144.000000,0.001434,34.589699
8192.000000,0.001365,61.821152
