seqlen,Triton,Jax-cudnn
1024.000000,0.001500,0.512446
2048.000000,0.157459,2.044994
4096.000000,0.001593,7.709981
6144.000000,0.001516,16.856882
8192.000000,0.001575,30.138208
