seqlen,Triton,Jax-cudnn
1024.000000,0.255597,0.589090
2048.000000,0.440020,2.224123
4096.000000,0.122880,7.861397
6144.000000,0.001408,19.485580
8192.000000,0.001331,34.835968
