seqlen,Triton,Jax-cudnn
1024.000000,0.374650,300.000000
2048.000000,0.082349,300.000000
4096.000000,0.001792,300.000000
6144.000000,0.001024,300.000000
8192.000000,0.002560,300.000000
