seqlen,Triton,Jax-cudnn
1024.000000,0.213456,0.571713
2048.000000,0.361903,1.789920
4096.000000,0.499891,9.623846
6144.000000,0.117496,27.389696
8192.000000,0.001792,51.911678
