seqlen,Triton-BlockPtr,Triton-PtrBlock,Jax
1024.000000,0.526499,0.547620,0.628370
2048.000000,0.723867,0.755144,2.264489
4096.000000,3.418806,4.591451,8.766250
6144.000000,21.938980,23.481184,19.320877
8192.000000,27.087725,27.141266,33.542881
