seqlen,Triton-BlockPtr,Triton-PtrBlock,Jax
1024.000000,41.683456,40.755711,1.675731
2048.000000,39.890945,43.104256,3.993672
4096.000000,34.370049,34.316799,15.082901
6144.000000,26.870785,26.437119,33.444862
8192.000000,14.582272,15.560192,59.865280
