seqlen,Triton-BlockPtr,Triton-PtrBlock,Jax
1024.000000,3.847191,3.821503,0.613257
2048.000000,7.239095,7.185847,2.246083
4096.000000,4.123648,4.171435,8.773578
6144.000000,0.003072,0.003072,19.379322
8192.000000,0.004096,0.003072,34.126064
