seqlen,Triton-BlockPtr,Triton-PtrBlock,Jax
1024.000000,0.433008,0.441802,0.946560
2048.000000,0.633380,0.601894,3.526337
4096.000000,5.002587,5.816985,14.009102
6144.000000,12.504795,12.634414,30.791702
8192.000000,21.693977,21.714382,54.885471
