seqlen,Triton-BlockPtr,Triton-PtrBlock,Jax
1024.000000,0.428652,0.437393,0.954350
2048.000000,0.605235,0.676507,3.454546
4096.000000,3.610572,4.651672,13.772809
6144.000000,14.301920,14.299665,30.698877
8192.000000,23.950932,23.703951,55.654690
