seqlen,Triton-BlockPtr,Triton-PtrBlock,Jax
1024.000000,0.559732,0.550420,1.139987
2048.000000,3.346932,3.533494,4.291349
4096.000000,12.397217,12.419523,16.971603
6144.000000,25.648642,25.641922,38.407166
8192.000000,37.331764,36.476246,67.489792
