seqlen,Triton-BlockPtr,Triton-PtrBlock,Jax
1024.000000,1.104034,1.098036,0.501938
2048.000000,1.592134,1.653701,1.690128
4096.000000,3.049275,3.039114,6.403024
6144.000000,4.123050,4.024746,14.442870
8192.000000,3.405239,3.427621,25.918463
