seqlen,Triton-BlockPtr,Triton-PtrBlock,Jax
1024.000000,0.278821,0.203902,0.904601
2048.000000,0.495527,0.524544,3.348698
4096.000000,0.831747,0.756073,12.721632
6144.000000,1.585729,1.062855,28.581675
8192.000000,6.993608,8.414359,50.848831
