seqlen,Triton-BlockPtr,Triton-PtrBlock,Jax
1024.000000,0.512348,0.510214,0.358040
2048.000000,1.105719,1.136913,1.194837
4096.000000,2.942582,2.856186,4.486412
6144.000000,5.508301,5.503437,9.821679
8192.000000,9.229228,9.370795,17.296486
