seqlen,Triton-BlockPtr,Triton-PtrBlock,Jax
1024.000000,0.837990,0.825227,0.698040
2048.000000,1.764505,1.920213,2.667003
4096.000000,12.916299,9.438209,10.284634
6144.000000,21.046955,21.005653,23.195648
8192.000000,19.953665,28.444927,40.342575
