seqlen,Triton-BlockPtr,Triton-PtrBlock,Jax
1024.000000,0.560635,0.555188,0.364574
2048.000000,1.076938,1.107759,1.200377
4096.000000,3.644748,3.445171,4.462516
6144.000000,6.466183,6.513503,9.924298
8192.000000,10.267090,10.228271,17.215923
