seqlen,Triton-BlockPtr,Triton-PtrBlock,Jax
1024.000000,0.268104,0.257740,0.897739
2048.000000,0.588016,0.590320,3.320127
4096.000000,0.758632,0.821480,12.905618
6144.000000,2.374976,1.114896,28.482285
8192.000000,7.673276,7.397023,50.958336
