seqlen,Triton-BlockPtr,Triton-PtrBlock,Jax
1024.000000,40.612865,40.147457,1.699963
2048.000000,37.400574,37.740028,4.427035
4096.000000,30.267904,30.043137,16.745203
6144.000000,29.196800,28.625919,37.960255
8192.000000,0.002048,0.001024,67.354622
