seqlen,Triton-BlockPtr,Triton-PtrBlock,Jax
1024.000000,0.480875,0.504145,0.609149
2048.000000,0.797078,0.773144,2.209283
4096.000000,4.941043,6.100704,8.522633
6144.000000,13.501738,13.587289,19.342388
8192.000000,23.328512,22.148439,33.728001
