seqlen,Triton-BlockPtr,Triton-PtrBlock,Jax
1024.000000,1.036081,1.023680,0.714913
2048.000000,2.136603,2.056358,2.678466
4096.000000,13.453056,11.403092,10.167432
6144.000000,18.498970,24.134861,23.233200
8192.000000,24.797186,25.172651,40.913567
