seqlen,Triton-BlockPtr,Triton-PtrBlock,Jax
1024.000000,41.755234,40.783875,1.714975
2048.000000,40.426498,42.135551,4.034365
4096.000000,37.232128,43.988480,18.324589
6144.000000,30.871040,30.644737,34.408016
8192.000000,22.926849,22.830080,63.136768
