seqlen,Triton-BlockPtr,Triton-PtrBlock,Jax
1024.000000,0.397935,0.388066,0.943657
2048.000000,0.682312,0.656810,3.458389
4096.000000,4.978271,4.525303,13.793052
6144.000000,14.645965,14.720819,30.976171
8192.000000,24.110195,24.234497,54.190079
