seqlen,Triton-BlockPtr,Triton-PtrBlock,Jax
1024.000000,0.449706,0.441662,0.942542
2048.000000,0.725489,0.718128,3.535767
4096.000000,5.083377,4.352596,13.542912
6144.000000,10.709229,10.753654,30.895445
8192.000000,18.391808,18.459818,54.175743
