seqlen,Triton-BlockPtr,Triton-PtrBlock,Jax
1024.000000,0.562165,0.536631,0.626351
2048.000000,1.695971,1.699328,2.394719
4096.000000,5.352694,5.439488,9.222279
6144.000000,11.140933,10.992724,19.588991
8192.000000,15.083666,15.595812,34.506432
