seqlen,Triton-BlockPtr,Triton-PtrBlock,Jax
1024.000000,44.706306,46.061058,1.769020
2048.000000,44.637695,44.380672,4.279611
4096.000000,40.455681,40.014336,16.366161
6144.000000,33.285118,32.748543,35.928623
8192.000000,23.710209,24.669184,63.973408
