seqlen,Triton-BlockPtr,Triton-PtrBlock,Jax
1024.000000,0.303373,0.299032,0.492727
2048.000000,0.430687,0.428421,1.692620
4096.000000,0.888595,0.914232,6.617262
6144.000000,1.204659,1.124719,14.414795
8192.000000,1.398020,1.397843,25.760183
