seqlen,Triton-BlockPtr,Triton-PtrBlock,Jax
1024.000000,0.369778,0.384524,0.384959
2048.000000,0.637275,0.681604,1.157612
4096.000000,0.939817,0.990062,4.406981
6144.000000,1.162985,1.177848,9.701514
8192.000000,7.874099,5.965393,17.207348
