seqlen,Triton-BlockPtr,Triton-PtrBlock,Jax
1024.000000,1.524727,1.521496,0.499171
2048.000000,1.812220,1.772526,1.731661
4096.000000,3.122499,3.099109,6.499397
6144.000000,3.661597,3.467833,14.636735
8192.000000,2.808627,2.653798,25.612350
