seqlen,Triton-BlockPtr,Triton-PtrBlock,Jax
1024.000000,3.780096,3.750562,0.369498
2048.000000,6.896679,6.859847,1.143648
4096.000000,5.990656,5.984385,4.363189
6144.000000,5.186304,5.313024,9.639249
8192.000000,0.001536,0.001536,16.952389
