seqlen,Triton-BlockPtr,Triton-PtrBlock,Jax
1024.000000,0.558362,0.584712,0.617515
2048.000000,1.729792,1.829189,2.323383
4096.000000,5.447936,5.322167,8.762418
6144.000000,9.970893,9.932799,19.534885
8192.000000,12.710229,17.453741,34.451454
