seqlen,Triton-BlockPtr,Triton-PtrBlock,Jax
1024.000000,3.831901,3.735138,0.585130
2048.000000,4.679241,4.660005,2.219186
4096.000000,6.753024,6.374912,8.323977
6144.000000,1.835008,1.773056,18.588097
8192.000000,0.003072,0.004096,33.348949
