seqlen,Triton-BlockPtr,Triton-PtrBlock,Jax
1024.000000,48.079872,48.340481,2.215052
2048.000000,47.191551,44.837376,300.000000
4096.000000,37.274624,37.072895,300.000000
6144.000000,47.077377,48.559105,300.000000
8192.000000,30.067713,29.582336,100.000000
