seqlen,Triton-BlockPtr,Triton-PtrBlock,Jax
1024.000000,2.278818,2.141492,0.368299
2048.000000,2.949332,2.987396,1.188242
4096.000000,4.598272,4.471296,4.455858
6144.000000,2.391296,2.479872,9.661729
8192.000000,0.001024,0.001536,16.916683
