seqlen,Triton-BlockPtr,Triton-PtrBlock,Jax
1024.000000,44.892704,44.855808,1.741563
2048.000000,43.861504,46.113281,4.452190
4096.000000,42.012161,42.339840,16.378704
6144.000000,38.088707,38.007294,36.154541
8192.000000,30.499840,30.746624,63.962112
