seqlen,Triton-BlockPtr,Triton-PtrBlock,Jax
1024.000000,0.510852,0.559451,0.594321
2048.000000,1.665068,1.738157,2.323330
4096.000000,5.622226,5.065240,8.702442
6144.000000,9.805172,9.890629,19.576332
8192.000000,12.501845,14.445057,34.137600
