seqlen,Triton-BlockPtr,Triton-PtrBlock,Jax
1024.000000,0.526124,0.565341,0.610957
2048.000000,1.616399,1.590910,2.278205
4096.000000,4.975928,4.884836,8.749184
6144.000000,9.679872,9.752018,19.437422
8192.000000,12.499969,16.855894,34.408958
