seqlen,Triton-BlockPtr,Triton-PtrBlock,Jax
1024.000000,0.697885,0.691014,1.054027
2048.000000,2.747819,2.552127,4.263107
4096.000000,9.142271,9.166776,16.167019
6144.000000,13.440000,14.201709,36.599297
8192.000000,19.050240,14.466048,65.029411
