seqlen,Triton-BlockPtr,Triton-PtrBlock,Jax
1024.000000,41.308159,40.687103,2.195997
2048.000000,38.883327,39.604225,300.000000
4096.000000,32.592896,32.568832,300.000000
6144.000000,21.382656,22.393345,300.000000
8192.000000,24.840191,22.914560,100.000000
