seqlen,Triton-BlockPtr,Triton-PtrBlock,Jax
1024.000000,0.478833,0.504712,0.399730
2048.000000,1.208812,1.233014,1.376397
4096.000000,3.228426,2.949992,5.285520
6144.000000,5.887843,5.949991,11.609508
8192.000000,12.319597,12.367434,20.368456
