seqlen,Triton-BlockPtr,Triton-PtrBlock,Jax
1024.000000,0.749852,0.724501,0.293608
2048.000000,2.074576,2.071059,0.883282
4096.000000,2.840201,2.829121,3.245122
6144.000000,7.177380,7.196886,7.207584
8192.000000,4.920247,4.996974,13.035813
