seqlen,Triton-BlockPtr,Triton-PtrBlock,Jax
1024.000000,0.480738,0.467340,0.632091
2048.000000,1.731760,1.773752,2.346859
4096.000000,5.476651,5.613953,9.266672
6144.000000,10.993106,10.725003,19.697664
8192.000000,15.575624,14.935893,35.763264
