seqlen,Triton-BlockPtr,Triton-PtrBlock,Jax
1024.000000,0.296567,0.293862,0.888089
2048.000000,0.470762,0.498192,3.372458
4096.000000,0.729678,0.687250,12.775748
6144.000000,1.461504,0.935951,28.775423
8192.000000,6.069362,4.621676,51.770367
