seqlen,Triton-BlockPtr,Triton-PtrBlock,Jax
1024.000000,0.762267,0.750147,0.422252
2048.000000,1.245054,1.197897,1.364698
4096.000000,3.181824,3.165645,5.221550
6144.000000,5.581369,5.661127,11.625259
8192.000000,17.980007,6.820250,20.612408
