seqlen,Triton-BlockPtr,Triton-PtrBlock,Jax
1024.000000,1.864566,1.870797,1.053446
2048.000000,4.448085,4.585814,4.284101
4096.000000,5.730646,5.678421,16.478708
6144.000000,0.004096,0.004096,36.579857
8192.000000,0.003072,0.003072,65.200127
