seqlen,Triton-BlockPtr,Triton-PtrBlock,Jax
1024.000000,41.783806,43.025406,2.207317
2048.000000,40.727043,41.016319,7.793104
4096.000000,34.960384,37.386238,29.592575
6144.000000,26.578943,28.072449,300.000000
8192.000000,15.703552,15.120384,100.000000
