seqlen,Triton-BlockPtr,Triton-PtrBlock,Jax
1024.000000,0.513495,0.517661,0.350645
2048.000000,0.826982,0.820568,1.118938
4096.000000,3.070091,3.075726,4.363532
6144.000000,5.725324,5.628037,9.183004
8192.000000,9.397905,9.569061,16.451668
