seqlen,Triton-BlockPtr,Triton-PtrBlock,Jax
1024.000000,2.581756,2.529858,0.346759
2048.000000,7.672044,7.718761,1.186732
4096.000000,10.138625,10.072649,4.452056
6144.000000,7.129429,7.067989,9.868782
8192.000000,0.004096,0.003072,17.150057
