seqlen,Triton-BlockPtr,Triton-PtrBlock,Jax
1024.000000,62.163967,63.096832,1.729190
2048.000000,60.447742,59.672577,4.540411
4096.000000,50.568192,55.342079,16.777344
6144.000000,44.912640,42.561535,37.622787
8192.000000,51.596287,46.752769,66.763107
