seqlen,Triton-BlockPtr,Triton-PtrBlock,Jax
1024.000000,0.494958,0.520886,0.563141
2048.000000,1.603912,1.595264,2.304609
4096.000000,5.210269,5.081006,8.348887
6144.000000,10.846806,10.662143,18.199968
8192.000000,13.650065,13.740617,35.489792
