seqlen,Triton-BlockPtr,Triton-PtrBlock,Jax
1024.000000,0.481963,0.472162,0.635261
2048.000000,1.737520,1.773109,2.338425
4096.000000,5.370496,5.492647,9.277440
6144.000000,11.488768,10.655185,19.684666
8192.000000,14.547456,14.532608,34.567886
