seqlen,Triton-BlockPtr,Triton-PtrBlock,Jax
1024.000000,0.599912,0.534570,0.347691
2048.000000,1.093824,1.108057,1.186531
4096.000000,2.889011,2.905771,4.465289
6144.000000,5.688320,5.695539,9.976750
8192.000000,9.623296,9.651883,17.107878
