seqlen,Triton-BlockPtr,Triton-PtrBlock,Jax
1024.000000,0.243670,0.274491,0.537623
2048.000000,0.521724,0.531087,1.777017
4096.000000,0.917019,0.777973,7.014678
6144.000000,2.103479,1.501221,15.532090
8192.000000,3.026739,8.555988,27.294037
