seqlen,Triton-BlockPtr,Triton-PtrBlock,Jax
1024.000000,0.674864,0.655316,1.138876
2048.000000,5.248979,4.897822,4.445136
4096.000000,19.604015,19.653028,17.258350
6144.000000,30.898075,32.447689,41.032768
8192.000000,31.323139,31.024536,67.509247
