seqlen,Triton-BlockPtr,Triton-PtrBlock,Jax
1024.000000,100.000000,100.000000,0.691624
2048.000000,100.000000,100.000000,2.722255
4096.000000,100.000000,100.000000,10.320362
6144.000000,100.000000,100.000000,23.130680
8192.000000,100.000000,100.000000,40.658432
