seqlen,Triton-BlockPtr,Triton-PtrBlock,Jax
1024.000000,1.958384,1.934998,0.320536
2048.000000,3.945316,3.942776,0.944790
4096.000000,4.544990,4.558117,3.522157
6144.000000,6.691255,6.519808,7.861914
8192.000000,2.664960,2.376704,13.630857
