seqlen,Triton-BlockPtr,Triton-PtrBlock,Jax
1024.000000,0.496633,0.496985,0.951059
2048.000000,0.713811,0.683929,3.521397
4096.000000,5.992388,4.051164,13.698790
6144.000000,14.462778,14.478235,31.428032
8192.000000,23.660486,23.670952,54.098175
