seqlen,Triton-BlockPtr,Triton-PtrBlock,Jax
1024.000000,2.667362,2.823798,1.283813
2048.000000,23.664640,2.624853,5.328611
4096.000000,0.003072,0.003072,20.488480
6144.000000,0.003072,0.003072,46.539776
8192.000000,0.004096,0.003072,80.274429
