seqlen,Triton-BlockPtr,Triton-PtrBlock,Jax
1024.000000,0.504862,0.494933,0.586700
2048.000000,1.612068,1.638999,2.234193
4096.000000,4.973824,5.077852,8.239625
6144.000000,9.955157,10.071211,18.509209
8192.000000,12.850615,13.077504,32.731594
