seqlen,Triton-BlockPtr,Triton-PtrBlock,Jax
1024.000000,2.602459,2.490644,0.344058
2048.000000,7.456237,7.448722,1.120765
4096.000000,6.392685,6.435547,4.236637
6144.000000,9.776128,9.794902,9.237079
8192.000000,1.684480,1.734144,16.682266
