seqlen,Triton-BlockPtr,Triton-PtrBlock,Jax
1024.000000,38.834496,38.491646,1.431602
2048.000000,37.678078,38.115837,2.296343
4096.000000,34.809341,35.026432,7.842674
6144.000000,29.389824,30.330879,17.783072
8192.000000,22.793728,22.497280,31.165781
