seqlen,Triton-BlockPtr,Triton-PtrBlock,Jax
1024.000000,1.689071,1.632223,0.527805
2048.000000,1.774188,1.849037,1.761436
4096.000000,3.593045,3.573333,6.816355
6144.000000,2.518630,2.472345,15.518966
8192.000000,0.001024,0.001365,27.134325
