seqlen,Triton-BlockPtr,Triton-PtrBlock,Jax
1024.000000,53.300224,52.809727,1.753490
2048.000000,52.349953,52.049919,4.460530
4096.000000,54.665215,52.781055,16.821861
6144.000000,37.277695,38.212608,37.349678
8192.000000,42.204159,42.647552,66.748573
