seqlen,Triton-BlockPtr,Triton-PtrBlock,Jax
1024.000000,1.736341,1.675025,0.354892
2048.000000,2.768463,2.663974,1.148710
4096.000000,3.518600,3.634722,4.414208
6144.000000,4.695625,4.604782,9.674906
8192.000000,2.117888,2.124544,17.209980
