seqlen,Triton-BlockPtr,Triton-PtrBlock,Jax
1024.000000,0.551196,0.501013,0.631803
2048.000000,1.677475,1.770744,2.353120
4096.000000,5.462912,5.429115,9.106876
6144.000000,10.608454,10.543011,19.638601
8192.000000,14.735019,14.596607,35.468433
