seqlen,Triton-BlockPtr,Triton-PtrBlock,Jax
1024.000000,1.728468,1.726268,0.949476
2048.000000,3.036570,3.023552,3.590443
4096.000000,1.823232,1.859328,13.816150
6144.000000,0.410624,0.001536,30.873941
8192.000000,0.202752,0.325632,54.324223
