seqlen,Triton-BlockPtr,Triton-PtrBlock,Jax
1024.000000,1.779477,1.778627,0.622846
2048.000000,3.437056,3.412864,2.205383
4096.000000,1.805824,1.783040,8.804002
6144.000000,0.001024,0.208384,19.443304
8192.000000,0.376832,0.442368,34.250336
