seqlen,Triton-BlockPtr,Triton-PtrBlock,Jax
1024.000000,0.384097,0.378137,0.316786
2048.000000,0.418716,0.478603,0.961054
4096.000000,0.971452,1.011760,3.492059
6144.000000,1.341094,1.265911,7.893131
8192.000000,1.407616,1.346013,13.595228
