seqlen,Triton-BlockPtr,Triton-PtrBlock,Jax
1024.000000,0.807094,0.770943,0.690388
2048.000000,1.717210,1.670945,2.716416
4096.000000,10.335172,10.351857,10.006304
6144.000000,21.918976,20.243073,23.192335
8192.000000,22.811649,22.941185,40.975967
