seqlen,Triton-BlockPtr,Triton-PtrBlock,Jax
1024.000000,0.458480,0.464732,0.609373
2048.000000,1.689842,1.773986,2.237333
4096.000000,5.108080,5.088000,8.947492
6144.000000,10.509498,10.850305,20.380268
8192.000000,14.760106,14.632447,34.841118
