seqlen,Triton-BlockPtr,Triton-PtrBlock,Jax
1024.000000,1.690055,1.755562,0.639195
2048.000000,2.717568,2.680005,2.225120
4096.000000,2.809710,2.726766,8.499490
6144.000000,0.003072,0.003072,19.367949
8192.000000,0.423936,0.359424,34.027023
