seqlen,Triton-BlockPtr,Triton-PtrBlock,Jax
1024.000000,45.311073,46.057983,1.332440
2048.000000,45.194752,47.624191,2.219133
4096.000000,44.857857,45.221375,7.999828
6144.000000,130.884094,40.868355,17.851673
8192.000000,45.209602,44.301315,31.801687
