seqlen,Triton-BlockPtr,Triton-PtrBlock,Jax
1024.000000,0.464293,0.439179,0.398813
2048.000000,1.169309,1.187471,1.366740
4096.000000,3.069688,3.095618,5.305968
6144.000000,6.436864,6.092663,11.511468
8192.000000,13.475043,10.831758,20.265728
