seqlen,Triton-BlockPtr,Triton-PtrBlock,Jax
1024.000000,43.308029,43.376640,1.689746
2048.000000,42.080769,41.960960,4.486260
4096.000000,35.450882,36.271614,16.780582
6144.000000,24.922112,25.027073,39.112190
8192.000000,8.932352,8.408064,68.649216
