seqlen,Triton-BlockPtr,Triton-PtrBlock,Jax
1024.000000,38.587551,39.071232,1.312983
2048.000000,38.632446,38.906879,2.226239
4096.000000,36.688385,37.032448,8.052073
6144.000000,34.950657,34.782722,17.811047
8192.000000,30.153728,30.028288,31.120245
