seqlen,Triton-BlockPtr,Triton-PtrBlock,Jax
1024.000000,0.767275,0.813129,1.086443
2048.000000,2.711290,2.778112,4.553719
4096.000000,9.293532,9.213781,17.360691
6144.000000,14.882474,13.861888,36.494415
8192.000000,18.230272,18.602325,70.261757
