seqlen,Triton-BlockPtr,Triton-PtrBlock,Jax
1024.000000,1.080277,1.070151,1.282946
2048.000000,7.777146,7.711573,5.067273
4096.000000,23.125845,21.848917,20.461887
6144.000000,26.096979,26.323626,46.479874
8192.000000,0.004096,0.004096,81.335617
