seqlen,Triton-BlockPtr,Triton-PtrBlock,Jax
1024.000000,2.311573,2.272879,0.617300
2048.000000,3.052764,3.055909,2.232784
4096.000000,3.858091,3.961173,8.664483
6144.000000,0.003072,0.003072,19.400097
8192.000000,0.003072,0.004096,34.452095
