seqlen,Triton-BlockPtr,Triton-PtrBlock,Jax
1024.000000,0.968704,0.973122,1.091584
2048.000000,2.630451,2.661146,4.439019
4096.000000,12.460713,8.881322,17.302126
6144.000000,21.493555,21.457306,38.924850
8192.000000,23.603882,23.715498,68.141052
