seqlen,Triton-BlockPtr,Triton-PtrBlock,Jax
1024.000000,0.292285,0.283281,0.503054
2048.000000,0.297977,0.274140,1.689561
4096.000000,0.690927,0.658178,6.690127
6144.000000,0.766031,0.771679,14.178992
8192.000000,0.952094,0.945233,25.653334
