seqlen,Triton-BlockPtr,Triton-PtrBlock,Jax
1024.000000,0.306213,0.299393,0.365252
2048.000000,0.624072,0.639598,1.142366
4096.000000,0.911616,0.898196,4.494039
6144.000000,1.088205,1.079662,9.710712
8192.000000,5.713388,5.074370,17.145876
