seqlen,Triton-BlockPtr,Triton-PtrBlock,Jax
1024.000000,1.025221,1.034738,1.094697
2048.000000,2.964429,2.840934,4.493396
4096.000000,13.402670,11.080611,17.136703
6144.000000,18.417051,18.452890,38.565887
8192.000000,22.925995,22.885717,67.944450
