seqlen,Triton-BlockPtr,Triton-PtrBlock,Jax
1024.000000,1.993728,1.939996,1.132842
2048.000000,4.663125,4.559034,4.576328
4096.000000,5.938517,5.812907,16.555014
6144.000000,0.004096,0.003072,38.962688
8192.000000,0.565248,0.644096,69.729279
