seqlen,Triton-BlockPtr,Triton-PtrBlock,Jax
1024.000000,0.645120,0.610621,0.633214
2048.000000,1.007605,1.093786,2.315720
4096.000000,5.101298,4.139323,8.768910
6144.000000,22.152515,22.280949,19.421843
8192.000000,30.962130,30.793915,34.203136
