seqlen,Triton-BlockPtr,Triton-PtrBlock,Jax
1024.000000,0.294859,0.237292,0.540099
2048.000000,0.573222,0.623379,1.740166
4096.000000,0.974636,0.909623,7.070757
6144.000000,1.605129,1.223835,15.418086
8192.000000,7.616804,7.978400,26.985130
