seqlen,Triton-BlockPtr,Triton-PtrBlock,Jax
1024.000000,44.584961,44.800369,1.348415
2048.000000,44.342785,44.447742,2.229659
4096.000000,42.759682,43.175423,8.166669
6144.000000,39.245312,39.000061,17.567398
8192.000000,34.007042,33.820160,30.994370
