seqlen,Triton-BlockPtr,Triton-PtrBlock,Jax
1024.000000,0.535561,0.492613,0.624464
2048.000000,1.897961,1.911615,2.326837
4096.000000,5.809407,5.330261,8.732139
6144.000000,10.589184,10.575407,19.440289
8192.000000,13.273089,15.072597,34.166271
