seqlen,Triton-BlockPtr,Triton-PtrBlock,Jax
1024.000000,42.449921,42.796547,2.238206
2048.000000,38.190590,37.873154,7.730373
4096.000000,28.506111,27.966976,29.548096
6144.000000,13.130239,14.025728,66.506752
8192.000000,0.001024,0.001024,100.000000
