seqlen,Triton-BlockPtr,Triton-PtrBlock,Jax
1024.000000,0.536712,0.555312,0.589842
2048.000000,1.632353,1.616723,2.174691
4096.000000,4.805317,4.841039,8.331352
6144.000000,10.009770,10.014464,18.563822
8192.000000,13.030985,13.155328,32.861183
