seqlen,Triton-BlockPtr,Triton-PtrBlock,Jax
1024.000000,1.282506,1.256411,0.581872
2048.000000,2.277905,2.304480,2.144217
4096.000000,5.839872,5.845675,8.240283
6144.000000,7.472896,7.116288,17.953644
8192.000000,2.876416,2.995200,33.272491
