seqlen,Triton-BlockPtr,Triton-PtrBlock,Jax
1024.000000,61.353985,62.225407,1.337359
2048.000000,60.879871,61.496319,2.333625
4096.000000,56.600574,56.689663,8.596188
6144.000000,57.592831,60.437504,19.008633
8192.000000,44.192768,41.035774,33.623520
