seqlen,Triton-BlockPtr,Triton-PtrBlock,Jax
1024.000000,0.791671,0.786922,1.106653
2048.000000,2.779336,2.588974,4.389463
4096.000000,8.780406,9.031168,16.431162
6144.000000,14.875134,14.510079,38.387711
8192.000000,19.375788,15.981910,70.879906
