seqlen,Triton-BlockPtr,Triton-PtrBlock,Jax
1024.000000,4.876773,4.929485,0.698022
2048.000000,3.847987,3.750912,2.704280
4096.000000,0.488448,0.453632,10.293716
6144.000000,0.003072,0.003072,23.290936
8192.000000,0.003072,0.003072,40.944687
