seqlen,Triton-BlockPtr,Triton-PtrBlock,Jax
1024.000000,0.304420,0.315460,0.300184
2048.000000,0.235732,0.250502,0.903695
4096.000000,0.650667,0.647369,3.362326
6144.000000,0.937984,0.936868,7.363729
8192.000000,1.094707,1.084745,13.023402
