seqlen,Triton-BlockPtr,Triton-PtrBlock,Jax
1024.000000,0.911812,0.910364,1.089223
2048.000000,2.741373,2.567629,4.523314
4096.000000,12.713426,10.677898,17.298477
6144.000000,22.441986,22.220596,38.669823
8192.000000,24.245932,24.235689,68.697090
