seqlen,Triton-BlockPtr,Triton-PtrBlock,Jax
1024.000000,0.504931,0.514386,0.364398
2048.000000,1.116275,1.143132,1.181261
4096.000000,3.063310,3.014886,4.496333
6144.000000,5.727286,5.698721,9.904957
8192.000000,9.104850,9.075433,17.331881
