seqlen,Triton-BlockPtr,Triton-PtrBlock,Jax
1024.000000,47.959042,48.157185,2.170290
2048.000000,47.318016,47.245827,300.000000
4096.000000,49.299454,47.794174,300.000000
6144.000000,32.896000,33.789951,300.000000
8192.000000,38.889473,35.369984,100.000000
