seqlen,Triton-BlockPtr,Triton-PtrBlock,Jax
1024.000000,52.160511,54.205441,1.698163
2048.000000,51.294209,54.280193,4.249713
4096.000000,47.785984,45.697025,16.268471
6144.000000,37.733376,52.141056,37.903423
8192.000000,36.900864,37.159935,65.060867
