seqlen,Triton-BlockPtr,Triton-PtrBlock,Jax
1024.000000,0.482413,0.510899,0.601046
2048.000000,1.535955,1.643900,2.334584
4096.000000,4.950063,4.959139,8.614684
6144.000000,10.176513,9.558295,19.547359
8192.000000,14.409898,12.245503,34.743454
