seqlen,Triton-BlockPtr,Triton-PtrBlock,Jax
1024.000000,41.853951,41.547775,1.411192
2048.000000,40.596992,40.745472,2.399296
4096.000000,37.636608,38.649857,8.613574
6144.000000,32.667648,32.721409,18.973766
8192.000000,25.736193,26.100735,33.609726
