seqlen,Triton-BlockPtr,Triton-PtrBlock,Jax
1024.000000,0.703027,0.708415,1.102299
2048.000000,2.692684,2.626432,4.585531
4096.000000,8.840980,9.186743,16.590517
6144.000000,14.992554,14.491649,36.601345
8192.000000,18.592085,18.293760,70.544418
