seqlen,Triton-BlockPtr,Triton-PtrBlock,Jax
1024.000000,49.309696,50.021378,1.384689
2048.000000,48.715775,50.462719,2.415959
4096.000000,46.816257,47.163391,8.567736
6144.000000,42.467327,43.418625,18.979416
8192.000000,42.753025,46.178303,32.854687
