seqlen,Triton-BlockPtr,Triton-PtrBlock,Jax
1024.000000,52.571136,54.286335,1.336869
2048.000000,54.935551,54.233089,2.203917
4096.000000,48.314369,49.284096,7.858112
6144.000000,43.418625,44.575745,16.787161
8192.000000,40.323071,53.779457,30.044502
