seqlen,Triton-BlockPtr,Triton-PtrBlock,Jax
1024.000000,1.974837,2.132517,1.147373
2048.000000,3.062656,3.145728,4.466643
4096.000000,0.178688,0.189952,16.335476
6144.000000,0.667648,0.258048,40.501839
8192.000000,0.185344,0.342016,53.240833
