seqlen,Triton-BlockPtr,Triton-PtrBlock,Jax
1024.000000,1.931442,1.900585,0.360111
2048.000000,4.193792,4.176502,1.240034
4096.000000,4.465518,4.435675,4.415443
6144.000000,5.904384,5.866837,9.832171
8192.000000,0.003072,0.003072,17.251333
