seqlen,Triton-BlockPtr,Triton-PtrBlock,Jax
1024.000000,100.000000,100.000000,1.285133
2048.000000,100.000000,100.000000,5.231750
4096.000000,100.000000,100.000000,21.936249
6144.000000,100.000000,100.000000,46.858753
8192.000000,100.000000,100.000000,300.000000
