seqlen,Triton-BlockPtr,Triton-PtrBlock,Jax
1024.000000,2.652372,2.649856,0.532650
2048.000000,4.689167,4.564451,1.769542
4096.000000,3.866112,3.788493,6.997145
6144.000000,5.734605,5.803213,15.507152
8192.000000,0.001536,0.002048,27.187307
