seqlen,Triton-BlockPtr,Triton-PtrBlock,Jax
1024.000000,0.860077,0.876893,0.714357
2048.000000,1.887624,1.907285,2.703474
4096.000000,10.163199,12.670791,10.478190
6144.000000,26.590210,26.660456,23.091064
8192.000000,3.069952,3.113472,40.281601
