seqlen,Triton-BlockPtr,Triton-PtrBlock,Jax
1024.000000,0.526656,0.467367,0.606131
2048.000000,1.756235,1.753088,2.272848
4096.000000,5.566166,5.677440,9.024755
6144.000000,10.894710,10.917516,19.174747
8192.000000,14.630740,14.779050,34.224640
