seqlen,Triton-BlockPtr,Triton-PtrBlock,Jax
1024.000000,0.268690,0.324626,0.551810
2048.000000,0.669807,0.695737,1.728888
4096.000000,0.962905,0.993254,7.070817
6144.000000,1.448015,1.474580,15.472186
8192.000000,8.485195,6.763800,25.410240
