seqlen,Triton-BlockPtr,Triton-PtrBlock,Jax
1024.000000,0.605080,0.534350,0.417140
2048.000000,1.549294,1.525876,1.371455
4096.000000,3.491560,3.459157,5.380148
6144.000000,6.330181,6.282985,11.807929
8192.000000,7.697749,11.263489,20.547647
