seqlen,Triton-BlockPtr,Triton-PtrBlock,Jax
1024.000000,5.189954,5.164364,0.391326
2048.000000,7.923340,7.836021,1.347659
4096.000000,0.453120,0.459264,5.204599
6144.000000,0.003072,0.003072,11.610592
8192.000000,0.003072,0.003072,20.284737
