seqlen,Triton-BlockPtr,Triton-PtrBlock,Jax
1024.000000,0.761515,0.705987,1.045806
2048.000000,2.568465,2.561394,4.283787
4096.000000,8.659530,8.630638,16.555706
6144.000000,13.410305,13.320363,36.982784
8192.000000,14.432256,14.739116,65.866753
