seqlen,Triton-BlockPtr,Triton-PtrBlock,Jax
1024.000000,100.000000,100.000000,1.137254
2048.000000,100.000000,100.000000,4.321752
4096.000000,100.000000,100.000000,17.474201
6144.000000,100.000000,100.000000,33.737728
8192.000000,100.000000,100.000000,69.831711
