seqlen,Triton-BlockPtr,Triton-PtrBlock,Jax
1024.000000,0.576113,0.543250,0.358758
2048.000000,0.822253,0.827039,1.114569
4096.000000,3.005690,2.990080,4.290877
6144.000000,5.640425,5.588457,9.253213
8192.000000,9.407960,9.420507,16.673454
