seqlen,Triton-BlockPtr,Triton-PtrBlock,Jax
1024.000000,0.320431,0.282806,0.320881
2048.000000,0.504967,0.520851,0.961009
4096.000000,0.796427,0.712784,3.520143
6144.000000,0.958901,1.008452,7.763666
8192.000000,1.179971,1.279453,13.615736
