seqlen,Triton-BlockPtr,Triton-PtrBlock,Jax
1024.000000,0.668058,0.517925,0.581954
2048.000000,1.628086,1.623106,2.243758
4096.000000,5.070480,5.082645,8.424363
6144.000000,10.031787,9.945003,18.806171
8192.000000,12.922880,13.030692,33.398266
