seqlen,Triton-BlockPtr,Triton-PtrBlock,Jax
1024.000000,0.657344,0.652755,0.531304
2048.000000,0.974639,0.926502,1.702639
4096.000000,1.494973,1.497175,6.492184
6144.000000,1.905828,2.001053,14.037692
8192.000000,2.419166,2.368512,25.635157
