seqlen,Triton-BlockPtr,Triton-PtrBlock,Jax
1024.000000,0.299450,0.282076,0.315573
2048.000000,0.335973,0.371345,0.950768
4096.000000,0.976245,0.977657,3.573005
6144.000000,1.223922,1.234974,7.762157
8192.000000,1.466760,1.437840,13.701576
