seqlen,Triton-BlockPtr,Triton-PtrBlock,Jax
1024.000000,0.365310,0.331610,0.529052
2048.000000,0.654309,0.672502,1.742088
4096.000000,0.950076,0.917385,7.084596
6144.000000,1.453598,2.363994,15.538006
8192.000000,6.834781,6.913000,25.276800
