seqlen,Triton-BlockPtr,Triton-PtrBlock,Jax
1024.000000,0.353060,0.307993,0.283132
2048.000000,0.253584,0.258981,0.887355
4096.000000,0.585810,0.625254,3.314362
6144.000000,0.733644,0.665862,7.355601
8192.000000,0.711191,0.731782,13.027549
