seqlen,Triton-BlockPtr,Triton-PtrBlock,Jax
1024.000000,2.239545,2.246270,0.534121
2048.000000,2.802878,2.830848,1.863625
4096.000000,4.071296,4.052608,6.983003
6144.000000,0.001365,0.002048,15.470117
8192.000000,0.001536,0.001024,27.271233
