seqlen,Triton-BlockPtr,Triton-PtrBlock,Jax
1024.000000,39.700096,40.035278,1.382476
2048.000000,40.352768,40.001534,2.420520
4096.000000,38.114815,37.777920,8.479310
6144.000000,35.771393,35.728897,18.966349
8192.000000,30.152704,31.441919,33.163776
