seqlen,Triton-BlockPtr,Triton-PtrBlock,Jax
1024.000000,36.375038,36.915024,1.356797
2048.000000,35.839996,36.000771,2.349570
4096.000000,32.206337,32.279037,8.530293
6144.000000,25.390591,25.362946,19.068314
8192.000000,16.850945,16.951296,33.924812
