seqlen,Triton-BlockPtr,Triton-PtrBlock,Jax
1024.000000,4.473233,4.461936,0.704037
2048.000000,4.178651,4.144274,2.670618
4096.000000,0.315392,0.572416,10.311595
6144.000000,0.003072,0.003072,23.181889
8192.000000,0.004096,0.003072,40.328911
