seqlen,Triton-BlockPtr,Triton-PtrBlock,Jax
1024.000000,3.040020,2.974981,0.348574
2048.000000,6.084949,5.996487,1.167124
4096.000000,5.499700,5.457920,4.349885
6144.000000,1.137664,1.137664,9.901888
8192.000000,0.003072,0.003072,17.248333
