seqlen,Triton-BlockPtr,Triton-PtrBlock,Jax
1024.000000,0.668337,0.653787,1.145579
2048.000000,4.592921,5.123542,4.474135
4096.000000,21.205673,21.196133,17.430937
6144.000000,34.289894,34.251892,37.833729
8192.000000,34.529278,34.291912,66.630653
