seqlen,Triton-BlockPtr,Triton-PtrBlock,Jax
1024.000000,0.565877,0.630195,0.416326
2048.000000,1.450925,1.375041,1.366572
4096.000000,3.452975,3.360628,5.296370
6144.000000,6.097715,6.055834,11.776964
8192.000000,7.642965,7.594326,20.600969
