seqlen,Triton-BlockPtr,Triton-PtrBlock,Jax
1024.000000,0.523776,0.503175,0.330198
2048.000000,0.783487,0.805291,1.121285
4096.000000,3.229547,3.258554,4.321293
6144.000000,5.891724,6.055610,9.273612
8192.000000,9.949578,9.955723,16.893600
