seqlen,Triton-BlockPtr,Triton-PtrBlock,Jax
1024.000000,0.317588,0.326749,0.308598
2048.000000,0.183474,0.178400,0.890750
4096.000000,0.581134,0.556604,3.265938
6144.000000,0.668777,0.643651,7.210877
8192.000000,0.734979,0.763596,12.884759
