seqlen,Triton-BlockPtr,Triton-PtrBlock,Jax
1024.000000,38.424496,38.535683,1.361614
2048.000000,37.474815,37.586945,2.413392
4096.000000,34.633728,34.557442,8.531098
6144.000000,29.181953,29.447166,18.814770
8192.000000,21.328896,21.188606,33.464352
