seqlen,Triton-BlockPtr,Triton-PtrBlock,Jax
1024.000000,0.692391,0.690284,0.906840
2048.000000,0.966737,1.074766,3.366642
4096.000000,1.568351,1.579410,12.816339
6144.000000,2.231735,2.267355,27.133463
8192.000000,2.602624,2.479232,51.085312
