seqlen,Triton-BlockPtr,Triton-PtrBlock,Jax
1024.000000,0.330636,0.319132,0.312371
2048.000000,0.417799,0.380138,0.973631
4096.000000,0.808951,0.787719,3.556542
6144.000000,0.995811,1.010753,7.949232
8192.000000,1.114297,1.104483,12.924819
