seqlen,Triton-BlockPtr,Triton-PtrBlock,Jax
1024.000000,1.376570,1.346668,1.055802
2048.000000,3.491719,3.624164,4.343775
4096.000000,6.764032,6.389760,16.504036
6144.000000,3.339776,3.219456,36.638721
8192.000000,0.004096,0.003072,66.096130
