seqlen,Triton-BlockPtr,Triton-PtrBlock,Jax
1024.000000,0.283083,0.289570,0.495058
2048.000000,0.414450,0.424834,1.668225
4096.000000,0.668033,0.643956,6.780261
6144.000000,0.832643,0.743972,14.482822
8192.000000,0.890290,0.888354,25.620234
