seqlen,Triton-BlockPtr,Triton-PtrBlock,Jax
1024.000000,1.196295,1.214626,0.626305
2048.000000,2.411008,2.412156,2.391395
4096.000000,6.387328,6.035968,8.681062
6144.000000,5.965141,5.595478,19.403021
8192.000000,6.159360,5.892096,33.856514
