seqlen,Triton-BlockPtr,Triton-PtrBlock,Jax
1024.000000,0.927602,0.906539,0.709993
2048.000000,1.966324,1.941163,2.660576
4096.000000,14.953385,10.312547,10.175126
6144.000000,24.183807,24.354815,23.311432
8192.000000,22.935211,22.932821,40.468033
