seqlen,Triton-BlockPtr,Triton-PtrBlock,Jax
1024.000000,1.730391,1.696853,0.323550
2048.000000,5.271585,5.262336,0.955698
4096.000000,8.617779,8.639847,3.568900
6144.000000,7.742692,7.931449,7.616792
8192.000000,3.658547,3.622707,13.906825
