seqlen,Triton-BlockPtr,Triton-PtrBlock,Jax
1024.000000,2.644100,2.571638,0.952658
2048.000000,2.912882,2.799400,3.602687
4096.000000,2.237235,2.543002,14.042287
6144.000000,0.001536,0.223232,30.807169
8192.000000,0.314368,0.294912,55.842976
