seqlen,Triton-BlockPtr,Triton-PtrBlock,Jax
1024.000000,0.336947,0.282397,0.299422
2048.000000,0.920680,0.902962,0.887359
4096.000000,1.495256,1.456183,3.359261
6144.000000,1.886525,1.886255,7.241199
8192.000000,2.268691,2.252764,12.953650
