seqlen,Triton-BlockPtr,Triton-PtrBlock,Jax
1024.000000,0.298225,0.317259,0.488989
2048.000000,0.259732,0.273314,1.696744
4096.000000,0.625925,0.606134,6.562274
6144.000000,0.638592,0.620856,14.674603
8192.000000,0.759344,0.909012,24.447786
