seqlen,Triton-BlockPtr,Triton-PtrBlock,Jax
1024.000000,0.647896,0.517666,0.341431
2048.000000,0.804695,0.814930,1.122615
4096.000000,2.859736,2.862675,4.369193
6144.000000,5.633426,5.611075,9.307389
8192.000000,9.312256,9.455694,15.958285
