seqlen,Triton-BlockPtr,Triton-PtrBlock,Jax
1024.000000,0.986422,0.964327,0.296334
2048.000000,3.023531,3.025749,0.895366
4096.000000,2.943616,2.952864,3.329914
6144.000000,10.140613,10.020750,7.312576
8192.000000,4.462695,4.424192,13.005107
