seqlen,Triton-BlockPtr,Triton-PtrBlock,Jax
1024.000000,0.541245,0.529996,0.354656
2048.000000,1.152850,1.207438,1.194703
4096.000000,3.333174,3.271054,4.501976
6144.000000,5.994927,6.032437,9.939907
8192.000000,9.582685,9.535302,17.098560
