seqlen,Triton-BlockPtr,Triton-PtrBlock,Jax
1024.000000,0.506155,0.520014,0.627987
2048.000000,1.577653,1.612652,2.300623
4096.000000,5.221132,5.401356,8.793837
6144.000000,9.650278,9.766809,19.467955
8192.000000,12.395862,14.794751,34.451454
