seqlen,Triton-BlockPtr,Triton-PtrBlock,Jax
1024.000000,0.750592,0.734716,1.056916
2048.000000,2.732344,2.604477,4.171424
4096.000000,9.607169,9.035067,17.521664
6144.000000,13.342037,13.356374,36.554237
8192.000000,14.370816,14.657878,65.924286
