seqlen,Triton-BlockPtr,Triton-PtrBlock,Jax
1024.000000,3.016448,2.718542,1.108554
2048.000000,4.776374,4.713472,4.471820
4096.000000,1.587200,1.765888,16.994169
6144.000000,0.004096,0.003072,39.430237
8192.000000,0.609280,0.546816,70.395363
