seqlen,Triton-BlockPtr,Triton-PtrBlock,Jax
1024.000000,0.336735,0.328934,0.301195
2048.000000,0.379163,0.352202,0.882639
4096.000000,0.562122,0.576559,3.266600
6144.000000,0.634808,0.622716,7.243106
8192.000000,0.846580,0.744171,12.821294
