seqlen,Triton-BlockPtr,Triton-PtrBlock,Jax
1024.000000,0.957045,0.994006,1.112871
2048.000000,2.705583,2.577587,4.502679
4096.000000,10.638615,9.475910,17.381037
6144.000000,21.745459,21.520794,38.934013
8192.000000,23.737686,23.342079,68.062210
