seqlen,Triton-BlockPtr,Triton-PtrBlock,Jax
1024.000000,0.998172,0.997159,1.083440
2048.000000,2.897211,2.752906,4.578744
4096.000000,9.656879,14.192175,17.401037
6144.000000,22.697779,19.473202,38.521347
8192.000000,24.537771,24.734037,68.796417
