seqlen,Triton-BlockPtr,Triton-PtrBlock,Jax
1024.000000,3.742720,3.900340,1.085318
2048.000000,4.260864,4.048018,4.566476
4096.000000,0.003072,0.003072,17.301767
6144.000000,0.003072,0.003072,38.655487
8192.000000,0.003072,0.003072,67.994911
