seqlen,Triton-BlockPtr,Triton-PtrBlock,Jax
1024.000000,42.927105,42.636803,1.738877
2048.000000,42.538498,42.691071,4.392402
4096.000000,38.150658,38.902275,17.399866
6144.000000,33.630722,33.540096,38.142563
8192.000000,31.664639,32.194046,66.590851
