seqlen,Triton-BlockPtr,Triton-PtrBlock,Jax
1024.000000,0.525824,0.522889,0.355479
2048.000000,1.100346,1.099401,1.181028
4096.000000,3.237861,3.078695,4.526319
6144.000000,5.759074,5.770679,9.938994
8192.000000,9.735083,9.602986,17.277338
