seqlen,Triton-BlockPtr,Triton-PtrBlock,Jax
1024.000000,2.944916,2.902195,0.402763
2048.000000,3.817472,3.812523,1.367569
4096.000000,3.394219,3.344384,5.322654
6144.000000,0.003072,0.116736,11.571480
8192.000000,0.003072,0.003072,20.383240
