seqlen,Triton-BlockPtr,Triton-PtrBlock,Jax
1024.000000,43.653633,43.868671,1.694281
2048.000000,41.075714,41.712639,4.043270
4096.000000,36.769791,37.067265,15.010315
6144.000000,26.605057,25.541121,33.495552
8192.000000,12.087296,12.556288,59.853920
