seqlen,Triton-BlockPtr,Triton-PtrBlock,Jax
1024.000000,0.224335,0.334521,0.352058
2048.000000,0.663583,0.667566,1.141807
4096.000000,0.880572,0.841928,4.334485
6144.000000,2.412283,2.137417,9.139328
8192.000000,5.922133,12.023428,16.802202
