seqlen,Triton-BlockPtr,Triton-PtrBlock,Jax
1024.000000,0.815368,0.806767,1.081670
2048.000000,2.774706,2.834364,4.351111
4096.000000,9.429071,9.525248,16.589849
6144.000000,14.187520,15.814313,36.553886
8192.000000,18.838186,16.232790,69.380447
