seqlen,Triton-BlockPtr,Triton-PtrBlock,Jax
1024.000000,3.013710,3.198188,1.286163
2048.000000,3.422549,21.921453,5.259470
4096.000000,0.004096,0.002048,20.294281
6144.000000,0.003072,0.004096,46.174721
8192.000000,0.004096,0.004096,80.109634
