seqlen,Triton-BlockPtr,Triton-PtrBlock,Jax
1024.000000,0.267923,0.288756,0.508724
2048.000000,0.468710,0.476373,1.648291
4096.000000,0.708315,0.695910,6.518453
6144.000000,0.831820,0.863960,14.329547
8192.000000,1.091042,1.119915,25.502806
