seqlen,Triton-BlockPtr,Triton-PtrBlock,Jax
1024.000000,0.613093,0.599950,0.595466
2048.000000,1.648303,1.665210,2.244574
4096.000000,5.320917,5.406336,8.255507
6144.000000,10.563584,10.496256,18.506752
8192.000000,13.491200,13.719844,32.638046
