seqlen,Triton-BlockPtr,Triton-PtrBlock,Jax
1024.000000,2.611364,2.712261,1.057549
2048.000000,5.573888,5.672193,4.352677
4096.000000,1.652224,1.624576,16.344543
6144.000000,0.003072,0.003072,36.903564
8192.000000,0.003072,0.003072,65.189888
