seqlen,Triton-BlockPtr,Triton-PtrBlock,Jax
1024.000000,1.082441,1.162919,0.901414
2048.000000,1.988023,1.901289,3.394349
4096.000000,2.936218,2.928538,13.135702
6144.000000,1.553664,2.496307,28.691530
8192.000000,0.003072,0.002048,51.007648
