seqlen,Triton-BlockPtr,Triton-PtrBlock,Jax
1024.000000,0.752174,0.710107,1.044432
2048.000000,2.752262,2.601396,4.194279
4096.000000,9.281141,9.248453,15.265447
6144.000000,13.626369,13.578239,36.903984
8192.000000,14.436353,14.499497,65.118210
