seqlen,Triton-BlockPtr,Triton-PtrBlock,Jax
1024.000000,100.000000,100.000000,0.627177
2048.000000,100.000000,100.000000,2.266261
4096.000000,100.000000,100.000000,8.579533
6144.000000,100.000000,100.000000,19.190802
8192.000000,100.000000,100.000000,33.459198
