seqlen,Triton-BlockPtr,Triton-PtrBlock,Jax
1024.000000,53.095425,53.192703,1.703559
2048.000000,51.681278,51.619839,4.377183
4096.000000,44.768257,45.523968,16.896826
6144.000000,41.021439,45.626369,38.421501
8192.000000,35.258369,36.006912,67.212288
