seqlen,Triton-BlockPtr,Triton-PtrBlock,Jax
1024.000000,38.010368,38.346176,1.427182
2048.000000,37.487617,38.526978,4.504594
4096.000000,35.168770,35.681282,7.861829
6144.000000,32.790527,32.652290,17.580915
8192.000000,28.063232,27.634687,31.056395
