seqlen,Triton-BlockPtr,Triton-PtrBlock,Jax
1024.000000,0.773839,0.778123,1.134479
2048.000000,2.807117,2.708676,4.576355
4096.000000,9.447424,9.421824,17.078535
6144.000000,13.849427,14.191958,39.379471
8192.000000,19.350868,14.856534,70.892700
