seqlen,Triton-BlockPtr,Triton-PtrBlock,Jax
1024.000000,41.367554,41.297409,2.387162
2048.000000,35.521027,36.499458,8.334222
4096.000000,21.349377,21.473793,32.083626
6144.000000,18.685440,19.066881,72.701950
8192.000000,0.002048,0.002048,100.000000
