seqlen,Triton-BlockPtr,Triton-PtrBlock,Jax
1024.000000,1.071115,1.156618,0.901076
2048.000000,1.874269,1.843858,3.372844
4096.000000,3.200220,3.089115,12.916680
6144.000000,2.786816,2.735616,28.420128
8192.000000,1.979136,0.002389,51.022846
