seqlen,Triton-BlockPtr,Triton-PtrBlock,Jax
1024.000000,0.340694,0.356367,0.536380
2048.000000,0.584720,0.620229,1.750588
4096.000000,0.858617,0.737234,7.104455
6144.000000,2.303791,1.034298,15.551141
8192.000000,6.617468,4.754402,27.075638
