seqlen,Triton-BlockPtr,Triton-PtrBlock,Jax
1024.000000,0.260127,0.261084,0.907107
2048.000000,0.489120,0.503194,3.285888
4096.000000,0.702334,0.687267,12.795319
6144.000000,0.868415,0.853787,28.554922
8192.000000,5.292191,5.980858,52.552929
