seqlen,Triton-BlockPtr,Triton-PtrBlock,Jax
1024.000000,0.946216,1.044312,1.276984
2048.000000,6.008791,5.687414,5.095865
4096.000000,21.311342,20.087954,20.641176
6144.000000,22.704468,22.578516,46.187523
8192.000000,5.995520,6.011392,79.864830
