seqlen,Triton-BlockPtr,Triton-PtrBlock,Jax
1024.000000,41.471489,41.312256,2.191019
2048.000000,41.888771,39.794174,8.093368
4096.000000,31.771135,32.185341,29.881342
6144.000000,19.444225,20.192257,300.000000
8192.000000,16.817152,18.491905,100.000000
