seqlen,Triton-BlockPtr,Triton-PtrBlock,Jax
1024.000000,0.300364,0.313451,0.310758
2048.000000,0.431260,0.451925,0.940426
4096.000000,0.650297,0.672193,3.455024
6144.000000,0.825722,0.741293,7.913847
8192.000000,0.879881,0.946141,13.727808
