seqlen,Triton-BlockPtr,Triton-PtrBlock,Jax
1024.000000,4.057088,4.245180,0.624358
2048.000000,4.851318,4.914761,2.331070
4096.000000,6.615040,6.592768,8.467351
6144.000000,0.002048,0.004096,19.303846
8192.000000,0.003072,0.004096,33.620193
