seqlen,Triton-BlockPtr,Triton-PtrBlock,Jax
1024.000000,0.339307,0.368469,0.377970
2048.000000,0.776271,0.764972,1.144708
4096.000000,1.090184,1.113348,4.415763
6144.000000,1.715121,1.704115,9.832918
8192.000000,9.347237,7.519969,17.254618
