seqlen,Triton-BlockPtr,Triton-PtrBlock,Jax
1024.000000,0.568077,0.613468,1.148729
2048.000000,4.238282,6.339657,4.403178
4096.000000,26.973183,26.835711,16.993557
6144.000000,23.631531,23.424681,38.667427
8192.000000,0.216405,0.171691,66.169853
