seqlen,Triton-BlockPtr,Triton-PtrBlock,Jax
1024.000000,2.330271,2.296154,0.569824
2048.000000,3.311849,3.394607,2.218350
4096.000000,6.228821,5.881174,8.217309
6144.000000,6.549504,1.879552,18.626011
8192.000000,0.003072,0.003072,32.668377
