seqlen,Triton-BlockPtr,Triton-PtrBlock,Jax
1024.000000,2.857704,3.145728,1.266194
2048.000000,0.561152,0.583168,5.180035
4096.000000,0.002048,0.004096,20.644926
6144.000000,0.003072,0.002048,46.417408
8192.000000,0.003072,0.003072,80.237572
