seqlen,Triton-BlockPtr,Triton-PtrBlock,Jax
1024.000000,0.951505,0.948169,1.080559
2048.000000,2.976518,2.638799,4.534225
4096.000000,10.240512,9.564502,17.289421
6144.000000,22.150658,20.432896,38.984238
8192.000000,22.020781,22.278145,68.149246
