seqlen,Triton-BlockPtr,Triton-PtrBlock,Jax
1024.000000,0.301363,0.307574,0.330263
2048.000000,0.455921,0.459615,0.948956
4096.000000,0.759461,0.709308,3.643176
6144.000000,0.855790,0.862116,7.874294
8192.000000,0.934822,1.067411,13.695122
