seqlen,Triton-BlockPtr,Triton-PtrBlock,Jax
1024.000000,0.292623,0.300019,0.895510
2048.000000,0.640768,0.649501,3.382843
4096.000000,1.007894,1.090071,12.849183
6144.000000,1.733537,2.670486,28.478806
8192.000000,7.564288,7.766414,50.998272
