seqlen,Triton-BlockPtr,Triton-PtrBlock,Jax
1024.000000,0.526928,0.537197,1.147143
2048.000000,3.086804,4.748772,4.442635
4096.000000,17.681963,17.747116,17.319195
6144.000000,32.575573,28.529755,38.559746
8192.000000,34.401962,34.441387,66.801666
