seqlen,Triton-BlockPtr,Triton-PtrBlock,Jax
1024.000000,41.562111,41.410049,1.678567
2048.000000,39.598591,39.300606,4.428848
4096.000000,32.560127,33.178623,16.733448
6144.000000,21.860865,22.489088,37.511681
8192.000000,5.438464,6.223872,67.443710
