seqlen,Triton-BlockPtr,Triton-PtrBlock,Jax
1024.000000,42.233345,43.237377,2.177752
2048.000000,40.549377,40.032768,300.000000
4096.000000,27.828735,30.327808,300.000000
6144.000000,10.635264,10.809343,300.000000
8192.000000,0.002048,0.001024,100.000000
