seqlen,Triton-BlockPtr,Triton-PtrBlock,Jax
1024.000000,2.267927,2.215847,0.700681
2048.000000,3.376128,3.412992,2.738209
4096.000000,0.364544,0.473088,10.226183
6144.000000,0.003072,0.004096,23.258713
8192.000000,0.002048,0.004096,40.428688
