seqlen,Triton-BlockPtr,Triton-PtrBlock,Jax
1024.000000,1.596227,1.925315,1.146032
2048.000000,7.503242,2.461538,4.465576
4096.000000,0.122880,0.147456,17.153101
6144.000000,0.410624,0.412672,38.433838
8192.000000,0.463872,0.169984,66.060287
