seqlen,Triton-BlockPtr,Triton-PtrBlock,Jax
1024.000000,39.062706,39.139839,1.392907
2048.000000,38.938622,39.918083,2.231972
4096.000000,38.449661,38.187008,7.998953
6144.000000,37.007362,36.594688,17.431482
8192.000000,33.146881,33.517056,32.820320
