seqlen,Triton-BlockPtr,Triton-PtrBlock,Jax
1024.000000,35.832832,36.336639,1.322190
2048.000000,35.884033,35.482113,2.193433
4096.000000,33.507328,34.103806,7.741800
6144.000000,29.461504,30.001152,17.455212
8192.000000,23.644161,24.775167,31.463381
