seqlen,Triton-BlockPtr,Triton-PtrBlock,Jax
1024.000000,2.622098,2.547598,1.147609
2048.000000,3.399095,4.370688,4.341678
4096.000000,0.172032,0.242688,16.865122
6144.000000,0.378880,0.450560,39.172657
8192.000000,0.191488,0.200704,65.827873
