seqlen,Triton-BlockPtr,Triton-PtrBlock,Jax
1024.000000,1.446932,1.361579,1.164321
2048.000000,3.849088,4.349473,4.559613
4096.000000,6.429440,6.547456,16.471294
6144.000000,3.458048,3.225600,37.546127
8192.000000,0.003072,0.722944,69.769539
