seqlen,Triton-BlockPtr,Triton-PtrBlock,Jax
1024.000000,3.770517,3.749226,0.625865
2048.000000,4.167748,4.096273,2.260407
4096.000000,2.687744,2.608128,8.657213
6144.000000,0.189952,0.217600,19.321568
8192.000000,0.407552,0.381952,34.033310
