seqlen,Triton-BlockPtr,Triton-PtrBlock,Jax
1024.000000,46.689278,47.676414,1.656079
2048.000000,52.752899,47.375870,4.110466
4096.000000,42.417152,42.398209,14.973857
6144.000000,33.818623,34.609154,33.393311
8192.000000,42.629120,34.408958,59.381920
