seqlen,Triton-BlockPtr,Triton-PtrBlock,Jax
1024.000000,0.993280,1.006732,1.257991
2048.000000,5.729147,5.827188,5.154608
4096.000000,20.154140,20.090538,20.252800
6144.000000,25.625088,25.831936,46.000641
8192.000000,5.995520,6.025216,80.070755
