seqlen,Triton-BlockPtr,Triton-PtrBlock,Jax
1024.000000,0.309407,0.307079,0.284503
2048.000000,0.280597,0.260318,0.900728
4096.000000,0.629191,0.629461,3.296050
6144.000000,0.761119,0.756234,7.309856
8192.000000,0.996835,0.847737,13.030063
