seqlen,Triton-BlockPtr,Triton-PtrBlock,Jax
1024.000000,2.753764,2.839609,1.106562
2048.000000,4.863181,4.897792,4.370005
4096.000000,0.003072,0.004096,16.703783
6144.000000,0.003072,0.003072,38.594063
8192.000000,0.003072,0.004096,67.849213
