seqlen,Triton-BlockPtr,Triton-PtrBlock,Jax
1024.000000,0.250069,0.270965,0.536178
2048.000000,0.588549,0.612682,1.740736
4096.000000,0.851080,0.833411,6.838324
6144.000000,2.407159,2.345758,15.523211
8192.000000,4.450627,1.349848,27.101526
