seqlen,Triton-BlockPtr,Triton-PtrBlock,Jax
1024.000000,0.538838,0.547866,0.577958
2048.000000,1.562676,1.609285,2.230815
4096.000000,5.121925,5.172429,8.382421
6144.000000,10.061194,10.032522,17.637869
8192.000000,13.038300,13.092864,33.030888
