seqlen,Triton-BlockPtr,Triton-PtrBlock,Jax
1024.000000,0.420492,0.410696,0.946157
2048.000000,0.573895,0.620707,3.593755
4096.000000,6.201218,5.305306,13.291168
6144.000000,13.638240,13.751891,30.975113
8192.000000,22.504395,22.605482,54.190079
