seqlen,Triton-BlockPtr,Triton-PtrBlock,Jax
1024.000000,52.079617,51.291138,2.198667
2048.000000,49.489922,50.028545,300.000000
4096.000000,44.910591,54.361088,300.000000
6144.000000,37.248001,35.458050,300.000000
8192.000000,39.242752,37.771263,100.000000
