seqlen,Triton-BlockPtr,Triton-PtrBlock,Jax
1024.000000,1.723079,1.697655,0.342277
2048.000000,4.616704,4.653780,1.125893
4096.000000,5.810269,5.742592,4.256475
6144.000000,12.641278,12.547072,9.258146
8192.000000,6.558720,6.664533,16.576769
