seqlen,Triton-BlockPtr,Triton-PtrBlock,Jax
1024.000000,0.275573,0.263368,0.490252
2048.000000,0.403158,0.384110,1.680093
4096.000000,0.599696,0.621871,6.501139
6144.000000,0.773967,0.758887,14.502646
8192.000000,0.832616,0.823245,25.629450
