seqlen,Triton-BlockPtr,Triton-PtrBlock,Jax
1024.000000,39.845871,40.007553,1.397342
2048.000000,39.244286,93.883904,2.386327
4096.000000,38.621185,39.122433,8.596893
6144.000000,35.342339,35.373055,18.857094
8192.000000,30.567425,30.608896,33.631248
