seqlen,Triton-BlockPtr,Triton-PtrBlock,Jax
1024.000000,1.148229,1.220246,0.958392
2048.000000,2.376216,2.197991,3.528061
4096.000000,2.406570,2.420053,13.825354
6144.000000,0.001536,0.001536,31.423487
8192.000000,0.350208,0.385024,54.291454
