seqlen,Triton-BlockPtr,Triton-PtrBlock,Jax
1024.000000,39.704063,40.694275,2.149170
2048.000000,37.292030,37.990913,300.000000
4096.000000,24.531456,25.107456,300.000000
6144.000000,5.763072,22.595585,300.000000
8192.000000,0.001024,0.002048,100.000000
