seqlen,Triton-BlockPtr,Triton-PtrBlock,Jax
1024.000000,4.397952,4.326995,0.399478
2048.000000,8.233827,8.205313,1.432819
4096.000000,3.979947,3.919872,5.214045
6144.000000,0.217088,0.003072,11.678644
8192.000000,0.004096,0.003072,20.379984
