seqlen,Triton-BlockPtr,Triton-PtrBlock,Jax
1024.000000,43.619843,43.843071,1.780928
2048.000000,44.911613,43.822594,4.263554
4096.000000,36.800003,37.216766,16.327387
6144.000000,26.360321,25.637888,37.076050
8192.000000,10.979328,11.812864,64.386047
