seqlen,Triton-BlockPtr,Triton-PtrBlock,Jax
1024.000000,49.365501,50.030079,1.730187
2048.000000,46.869503,47.346176,4.109924
4096.000000,41.626114,40.020992,14.991632
6144.000000,41.735168,46.204929,33.457664
8192.000000,33.533951,34.434048,60.874752
