seqlen,Triton-BlockPtr,Triton-PtrBlock,Jax
1024.000000,1.777743,1.969821,1.083130
2048.000000,3.676453,4.038948,4.553192
4096.000000,1.687552,1.638912,17.356241
6144.000000,0.003072,0.003072,35.399170
8192.000000,0.003072,0.003072,68.041725
