seqlen,Triton-BlockPtr,Triton-PtrBlock,Jax
1024.000000,0.711567,0.702139,1.128044
2048.000000,2.749167,2.708395,4.606463
4096.000000,9.773449,9.490118,16.462849
6144.000000,13.871104,14.724095,39.420418
8192.000000,19.491840,18.470572,65.034241
