seqlen,Triton-BlockPtr,Triton-PtrBlock,Jax
1024.000000,100.000000,100.000000,0.371843
2048.000000,100.000000,100.000000,1.134560
4096.000000,100.000000,100.000000,4.364967
6144.000000,100.000000,100.000000,9.464719
8192.000000,100.000000,100.000000,16.796684
