seqlen,Triton-BlockPtr,Triton-PtrBlock,Jax
1024.000000,2.478391,2.474656,0.613245
2048.000000,3.561742,3.650398,2.413515
4096.000000,6.082150,6.158165,8.622825
6144.000000,1.751552,1.756160,19.270195
8192.000000,0.920576,0.003072,36.294174
