seqlen,Triton-BlockPtr,Triton-PtrBlock,Jax
1024.000000,0.194274,0.197417,0.893069
2048.000000,0.489115,0.510745,3.374991
4096.000000,0.749033,0.736170,12.789350
6144.000000,1.510902,0.927365,26.680799
8192.000000,9.315708,8.356712,50.984959
