seqlen,Triton-BlockPtr,Triton-PtrBlock,Jax
1024.000000,0.509803,0.516781,0.630811
2048.000000,0.745072,0.764514,2.244790
4096.000000,4.551983,3.775602,8.626266
6144.000000,19.617281,19.697336,19.330496
8192.000000,29.000385,29.007162,33.484287
