seqlen,Triton-BlockPtr,Triton-PtrBlock,Jax
1024.000000,0.569162,0.581191,0.655471
2048.000000,0.845935,0.862447,2.230848
4096.000000,3.489118,3.482038,8.624795
6144.000000,21.376360,21.504879,19.250439
8192.000000,29.933382,28.852037,34.966530
