seqlen,Triton-BlockPtr,Triton-PtrBlock,Jax
1024.000000,38.586975,38.283329,1.378514
2048.000000,37.617149,37.868031,2.390532
4096.000000,34.799103,35.452415,8.530737
6144.000000,32.466431,32.334846,19.153547
8192.000000,26.447872,26.618368,34.004990
