seqlen,Triton-BlockPtr,Triton-PtrBlock,Jax
1024.000000,100.000000,100.000000,0.408813
2048.000000,100.000000,100.000000,1.355545
4096.000000,100.000000,100.000000,5.114824
6144.000000,100.000000,100.000000,11.536039
8192.000000,100.000000,100.000000,20.098846
