seqlen,Triton-BlockPtr,Triton-PtrBlock,Jax
1024.000000,0.404796,0.392017,0.368611
2048.000000,0.860952,0.851063,1.156427
4096.000000,1.218174,1.266258,4.468285
6144.000000,1.605363,1.592583,9.476838
8192.000000,7.188713,10.272725,16.921192
