seqlen,Triton-BlockPtr,Triton-PtrBlock,Jax
1024.000000,0.860796,0.832957,0.350747
2048.000000,1.870602,1.900544,1.138429
4096.000000,4.201408,4.197858,4.254879
6144.000000,7.111424,7.113984,9.273764
8192.000000,6.915840,6.910720,16.820019
