seqlen,Triton-BlockPtr,Triton-PtrBlock,Jax
1024.000000,0.519706,0.541197,0.349492
2048.000000,0.785792,0.792366,1.128300
4096.000000,2.982607,2.973717,4.243594
6144.000000,5.667371,5.605760,9.169615
8192.000000,9.369600,9.438426,16.558758
