seqlen,Triton-BlockPtr,Triton-PtrBlock,Jax
1024.000000,42.757118,42.887169,1.722554
2048.000000,41.562111,42.292225,4.461763
4096.000000,38.367233,38.758400,16.909210
6144.000000,32.023552,32.134655,37.554176
8192.000000,32.805889,32.974335,67.558403
