seqlen,Triton-BlockPtr,Triton-PtrBlock,Jax
1024.000000,41.035309,40.819710,1.296570
2048.000000,39.990784,40.225281,2.215243
4096.000000,38.446079,37.881859,8.184044
6144.000000,32.667137,32.935425,17.994085
8192.000000,26.741760,25.692673,32.180950
