seqlen,Triton-BlockPtr,Triton-PtrBlock,Jax
1024.000000,50.859009,50.534401,1.410580
2048.000000,51.761150,52.281345,2.357782
4096.000000,48.677887,48.444416,8.476134
6144.000000,53.513214,54.030334,18.859066
8192.000000,36.483070,37.648384,33.277550
