seqlen,Triton-BlockPtr,Triton-PtrBlock,Jax
1024.000000,1.052016,1.037632,1.280033
2048.000000,8.745107,8.687523,5.226451
4096.000000,23.070105,24.140970,20.682049
6144.000000,3.602432,3.573248,47.135506
8192.000000,0.004096,0.003072,80.204926
