seqlen,Triton-BlockPtr,Triton-PtrBlock,Jax
1024.000000,0.520714,0.523802,0.344201
2048.000000,0.815578,0.854716,1.119187
4096.000000,2.947140,2.932112,4.329190
6144.000000,5.419055,5.407166,9.223536
8192.000000,9.406306,9.235140,16.996210
