seqlen,Triton-BlockPtr,Triton-PtrBlock,Jax
1024.000000,0.709110,0.709915,1.039278
2048.000000,2.858897,2.728141,4.151845
4096.000000,9.711064,9.728630,16.044199
6144.000000,13.798229,13.682518,36.519535
8192.000000,14.633301,14.592341,65.483772
