seqlen,Triton-BlockPtr,Triton-PtrBlock,Jax
1024.000000,42.444290,41.509888,1.718728
2048.000000,40.276993,40.166912,4.515706
4096.000000,35.680767,35.621887,16.926937
6144.000000,29.127682,29.601791,38.062286
8192.000000,29.700096,29.094398,66.920418
