seqlen,Triton-BlockPtr,Triton-PtrBlock,Jax
1024.000000,0.318273,0.318949,0.314035
2048.000000,0.290389,0.283678,0.868269
4096.000000,0.856528,0.828110,3.297724
6144.000000,1.193067,1.092842,7.319801
8192.000000,1.384435,1.284415,12.749312
