seqlen,Triton-BlockPtr,Triton-PtrBlock,Jax
1024.000000,0.708902,0.700407,1.044036
2048.000000,2.740203,2.607936,4.228782
4096.000000,9.416547,9.364795,17.520128
6144.000000,13.611861,13.559636,36.651520
8192.000000,19.022079,14.713515,65.922050
