seqlen,Triton-BlockPtr,Triton-PtrBlock,Jax
1024.000000,1.199489,1.188126,0.320194
2048.000000,2.732049,2.691692,0.944263
4096.000000,2.953402,2.968529,3.576501
6144.000000,6.294714,6.171462,7.698459
8192.000000,3.475797,3.483989,13.665248
