seqlen,Triton-BlockPtr,Triton-PtrBlock,Jax
1024.000000,3.433984,3.445369,0.605748
2048.000000,4.275917,4.283699,2.361694
4096.000000,1.285632,1.205760,8.792658
6144.000000,0.004096,0.002048,19.620121
8192.000000,0.003072,0.003072,34.009216
